_max_adv,_min_discrew,_max_discrew,_min_obs,_std_act,_min_act,_max_act,_mean_adv,_mean_act,_std_discrew,_MeanReward,ExplainedVarOld,Steps,_lr_multiplier,ExplainedVarNew,PolicyLoss,_Episode,_mean_obs,Beta,ValFuncLoss,KL,_mean_discrew,_std_adv,PolicyEntropy,_min_adv,_max_obs,_std_obs
1.3548880752196779,0.0015083107352256789,0.0040367018431425135,-0.015174647172292074,0.293184,-1.29546,1.27814,3.7747582837255321e-16,-0.0716955,6.6068989298703156e-07,0.58681110888719556,0.0,10,1.0,0.0,-0.0467509,10,-0.00030000977781266124,1.0,1.0573937170241697e-06,0.00220776,0.0029340555444359803,0.99754398910979702,6.40933,-1.7518987208966421,0.011708736419677734,1.3891649120747718e-05
1.8548131385283313,0.0021451908349990863,0.0047466219030320687,-0.056206828211188026,0.260719,-1.15882,1.66675,3.3306690738754695e-17,0.0318483,6.5245482857174823e-07,0.64930955730378626,-2.2204460492503131e-16,10,1.0,-2.2204460492503131e-16,-0.0700618,20,-0.00026917143939341473,1.0,1.6703805794939249e-06,0.00174999,0.0032465477865189344,0.99752856689209701,6.39159,-1.3618069410043299,0.053619612922773521,5.6256280619028318e-05
1.7248021206894173,0.0026854333281517051,0.0035805583000183138,-0.013799043802710513,0.326206,-1.39649,1.67432,2.2204460492503132e-17,0.0104386,8.0703662224083464e-08,0.61776899695396426,0.0,10,1.0,0.0,-0.0572931,30,-0.00055923294082942218,1.0,2.1057486891559747e-07,0.0020771,0.0030888449847698237,0.99299682563313607,6.39403,-1.4150629223740536,0.011564131682645501,1.7210515312414359e-05
2.3199967783964084,0.0017998552322387711,0.0041887325048446692,-0.010055077148250954,0.403977,-1.28415,2.14832,2.2204460492503132e-17,0.122048,4.4898512707456993e-07,0.52637345790863033,0.0,10,1.0,0.0,-0.0580261,40,-0.00027424375772852172,1.0,4.8701180163409076e-07,0.00162745,0.0026318672895431542,0.99702187683478161,6.44369,-1.2398409788860918,0.0094100669471255324,1.1511906329380476e-05
2.2219908878341053,0.0019614291191101091,0.0049327694578096314,-0.0069386850668950876,0.293392,-1.28511,1.65512,-6.2450045135165057e-18,-0.0818725,7.5825571980544924e-07,0.59913698127493265,-2.2204460492503131e-16,10,1.0,-2.2204460492503131e-16,-0.0181903,50,0.00095981534880086464,0.66666666666666663,9.2119546190356182e-07,0.000769854,0.0029956849063746661,0.99770715585381198,6.4653,-1.18637409672651,0.011574892755116502,7.9646995702113695e-06
1.9333689151006765,0.001819839477539064,0.004861082034185533,-0.026433462643439917,0.344177,-1.40792,1.30406,-2.2204460492503132e-17,-0.0196105,7.9121599104652638e-07,0.62788215521723034,-2.2204460492503131e-16,10,1.0,-2.2204460492503131e-16,-0.0381053,60,0.0005657384680425782,0.44444444444444442,1.2025339681163367e-06,0.00102568,0.0031394107760861546,0.99775533992625609,6.45844,-1.4818265205207468,0.026302852002163379,2.0078845232088269e-05
1.815279097193675,0.0023691010475158712,0.0045100887119770092,-0.010498399749854585,0.224417,-1.06194,1.20499,-1.3322676295501878e-16,0.0648126,4.7085174177234118e-07,0.6525307297706604,2.2204460492503131e-16,10,1.0,0.0,-0.0239763,70,-0.00062402255332398007,0.29629629629629628,6.8442717306349037e-07,0.000839472,0.0032626536488533043,0.99709169904661044,6.43285,-1.3003060499110111,0.010604204555455713,7.2805588447844114e-06
1.6647751432037288,0.0021331581473350543,0.0040038090944290198,-0.0091347617457409169,0.339094,-1.83497,1.40719,-2.2204460492503132e-17,0.0920498,3.1733112255857793e-07,0.61286813467741008,0.0,10,1.0,0.0,-0.0645219,80,-0.00012932993639729835,0.19753086419753085,3.363119764310864e-07,0.00137329,0.0030643406733870536,0.99645906114074645,6.45774,-1.6500922100582007,0.011091344887765711,1.3610953713779439e-05
1.9057946905232719,0.001955927014350893,0.0045827205479145091,-0.015971482748526208,0.319944,-0.936751,1.43823,-2.2204460492503132e-17,0.0439587,6.9507878259053912e-07,0.59838546514511104,1.1102230246251565e-16,10,1.0,1.1102230246251565e-16,-0.0173139,90,0.00026080546086304165,0.13168724279835389,6.9832624011571513e-07,0.000480175,0.0029919273257255582,0.99760540455124536,6.46631,-1.2411442702034456,0.024196062405549508,1.8561057232016683e-05
1.2380133656229668,0.001925968527793886,0.0038538818806409872,-0.0075471099189942832,0.353745,-1.48999,1.26007,6.661338147750939e-17,0.0150251,4.4669721360402359e-07,0.60504250973463058,0.0,10,1.0,0.0,-0.0616452,100,0.00081707431508175354,0.0877914951989026,6.4111011970664196e-07,0.00114274,0.0030252125486731557,0.99701427689955069,6.4337,-1.6422458723047031,0.012281372671080469,8.3621873282814139e-06
1.6884415317790158,0.001986027657985689,0.0044204182922840162,-0.017542852353528558,0.244436,-1.12955,1.15172,-5.5511151231257827e-17,0.0955066,6.1697694474860781e-07,0.61849896460771558,0.0,10,1.0,0.0,-0.0408025,110,-0.00038785818549923244,0.058527663465935069,6.7805787608051027e-07,0.00115919,0.0030924948230385803,0.99745863650651478,6.47316,-1.406862035570964,0.017513264113826959,1.9384205746422645e-05
1.9011189342378603,0.0020526179671287556,0.0038660140335559879,-0.026045797267899403,0.43459,-1.70213,1.83407,0.0,0.106201,2.5659809111546818e-07,0.58021827638149259,2.2204460492503131e-16,10,1.0,2.2204460492503131e-16,-0.0535307,120,-0.00026370586894925726,0.058527663465935069,2.5661418162389169e-07,0.0016489,0.0029010913819074655,0.99606342309235529,6.45355,-1.6716872293105003,0.0233520445276089,1.7023265427389136e-05
1.8152142586896902,0.0019336622953414935,0.0045075944438576739,-0.014317538264091802,0.317393,-1.56565,0.947904,4.4408920985006264e-17,-0.0375006,6.9229849444321112e-07,0.59908794090151785,1.1102230246251565e-16,10,1.0,1.1102230246251565e-16,-0.0610397,130,0.00041491144876117325,0.058527663465935069,7.0476314248753695e-07,0.00205922,0.0029954397045075924,0.99760060963914243,6.41498,-1.2745742499218486,0.012960028117488811,1.4035151989586055e-05
1.7244599060072019,0.0021238821744918842,0.0040325850248336828,-0.010771463813975247,0.279295,-1.32502,1.06693,4.4408920985006264e-17,-0.0176156,2.9756625270728945e-07,0.61803480088710783,0.0,10,1.0,0.0,-0.0471658,140,-0.00057789399695089738,0.039018442310623382,3.1719731561554039e-07,0.00113511,0.0030901740044355424,0.9963436714401489,6.36616,-1.7681579291551484,0.0091013567923454025,8.9622926934913903e-06
1.8309479774510797,0.0020264464616775533,0.0044133315980434459,-0.012695349829955665,0.337246,-1.47447,1.35009,2.4980018054066023e-17,0.0292531,5.6833988226266297e-07,0.60623594522476199,0.0,10,1.0,0.0,-0.0431694,150,0.00053541546532386269,0.026012294873748922,5.8559459098830144e-07,0.00146103,0.0030311797261238127,0.99735233836644743,6.3235,-1.3309784371674791,0.013312334822339955,1.3832207096536181e-05
1.9744262557002266,0.0016721305251121536,0.0038315423578023943,-0.012824990517679635,0.286705,-1.5102,1.4741,-3.3306690738754695e-17,0.0290796,3.3169619364593149e-07,0.53848703950643539,1.1102230246251565e-16,10,1.0,1.1102230246251565e-16,-0.0586862,160,0.00034158926850864766,0.026012294873748922,3.5192099166547497e-07,0.0017395,0.0026924351975321789,0.99653638362087327,6.27006,-1.768504671291717,0.016158184439578446,1.7873115928140036e-05
1.5748299482384127,0.002823708057403567,0.0040420917421579395,-0.013083545613314798,0.284716,-1.1241,1.25638,-2.2204460492503132e-17,0.00294712,1.5355600762040012e-07,0.68468010723590855,0.0,10,1.0,0.0,-0.00989445,170,-0.00073977118299808757,0.017341529915832616,2.1870083751700142e-07,0.000373602,0.0034234005361795461,0.99491563600719979,6.24321,-1.5264701779884693,0.010375475953546721,1.5211177360405788e-05
1.3708737407827736,0.0023246362805366535,0.0039403785020113028,-0.0097717131624364059,0.265994,-1.03032,1.25629,6.661338147750939e-17,0.152973,2.9869643491880435e-07,0.63795645087957387,-4.4408920985006262e-16,10,1.0,-4.4408920985006262e-16,-0.0258448,180,-0.00038156446815063651,0.011561019943888411,3.9977511793230991e-07,0.000573397,0.0031897822543978721,0.99635057628609258,6.22566,-1.5800850341062407,0.0090600854276810475,1.1114640810973465e-05
2.1081836649388874,0.0017841401696205156,0.0045753975957632106,-0.031329477920263617,0.305092,-1.12147,1.21016,1.0269562977782698e-16,0.0398149,5.4739536687956311e-07,0.60270500332117083,-4.4408920985006262e-16,10,1.0,-2.2204460492503131e-16,-0.044961,190,0.00016192399520793227,0.0077073466292589404,5.802611583810527e-07,0.00120807,0.0030135250166058569,0.99730226280753609,6.20546,-1.6593985238771367,0.018592251216152846,2.2334447638531887e-05
2.3433303342953535,0.0025821180641651177,0.004321732074022297,-0.010464267557730269,0.359231,-1.3804,1.77312,-4.4408920985006264e-17,0.00901697,2.6508084585801196e-07,0.62258032560348509,4.4408920985006262e-16,10,1.0,0.0,-0.0490555,200,0.00045455655356188627,0.0051382310861726272,2.9797173969624406e-07,0.00135565,0.0031129016280174284,0.99612673711689526,6.22305,-1.0289294335952757,0.014433849063343444,1.1615716189779658e-05
1.7055314584892278,0.0024509978294372579,0.0044022778049111408,-0.010057016177385275,0.344841,-1.4354,1.41698,-6.661338147750939e-17,-0.0298811,3.8810363374712735e-07,0.6676121793687344,-2.2204460492503131e-16,10,1.0,-2.2204460492503131e-16,-0.0207482,210,0.00039406410024036019,0.0034254873907817516,5.7101441417660753e-07,0.000519991,0.0033380608968436747,0.9967973356009725,6.22917,-1.4216218100433369,0.010081916532610652,1.0770380625937195e-05
1.6304631300779771,0.00154147505760193,0.0039226468652486836,-0.019359062499416026,0.480658,-1.7582,1.69306,-1.1102230246251565e-16,-0.110345,5.3266877570438468e-07,0.54620731323957439,0.0,10,1.0,4.4408920985006262e-16,-0.0815368,220,0.00044067684882547929,0.0034254873907817516,8.729138696047476e-07,0.00211072,0.0027310365661978751,0.99726530114447398,6.21656,-1.6276597997437459,0.017060266440925998,1.9167049845855872e-05
1.3098159268522369,0.0019831529259681721,0.0034077501296997099,-0.010828253676134714,0.347844,-1.74178,1.36342,-8.8817841970012528e-17,-0.0580533,1.6280880971923061e-07,0.57558703422546387,0.0,10,1.0,0.0,-0.0400114,230,-4.8616399070204078e-05,0.0034254873907817516,7.1057547992474484e-07,0.00178933,0.0028779351711273218,0.99506168395932093,6.23672,-2.2120931408431126,0.0082235740817529056,1.0318230534255167e-05
1.4708144038373387,0.0020130881667137163,0.0047121230326592966,-0.012978990188153452,0.354186,-1.40992,1.62945,1.9984014443252818e-16,-0.0833944,8.7796036567718284e-07,0.66650117971003053,-2.2204460492503131e-16,10,1.0,-2.2204460492503131e-16,-0.0758264,240,-0.00034512376987281857,0.0034254873907817516,1.9589240374844883e-06,0.00207973,0.0033325058985501561,0.99786892994087284,6.22669,-1.4066356213505133,0.010564635121757067,1.3774594122988454e-05
1.438049824770298,0.001913279592990877,0.0041161572188138998,-0.017888779703990949,0.516403,-1.70873,2.41231,2.2204460492503132e-17,0.125884,5.0353234358416542e-07,0.61885576546192167,0.0,10,1.0,0.0,-0.161851,250,-0.00012537878008749462,0.0034254873907817516,7.4148154361892071e-07,0.00421548,0.0030942788273096112,0.99718745795811459,6.25402,-1.6619744150434796,0.016242562112760008,1.986452248190036e-05
1.2910187926485439,0.0022774234414100667,0.0043002469837665593,-0.011978511688672288,0.316376,-1.19933,1.41155,5.551115123125783e-18,0.0584123,5.1774915221205251e-07,0.67400122582912447,0.0,10,1.0,0.0,-0.0580212,260,0.00019341351634466201,0.0034254873907817516,6.3350911676392057e-07,0.00255919,0.0033700061291456252,0.99722626043113183,6.21843,-1.5163221174196311,0.010416186090502173,9.3537392418438509e-06
1.398462424773425,0.0021611034870147724,0.004304792210459713,-0.012769005968030786,0.233372,-1.01992,1.37982,-2.7755575615628915e-18,0.0806372,3.8042933875345297e-07,0.68816734999418261,0.0,10,1.0,0.0,-0.0163128,270,-0.00054215961879522563,0.0022836582605211676,4.7059861022641416e-07,0.000659943,0.0034408367499709157,0.9967652716809019,6.16848,-2.0714712318205923,0.012692410812665228,1.1891116832245291e-05
2.2542602872035902,0.0022336000204086323,0.0038798366487026248,-0.026915500922352752,0.512517,-2.12336,1.72895,7.7715611723760953e-17,-0.0634863,2.2255130290235444e-07,0.56282547116279602,0.0,10,1.0,0.0,-0.068495,280,0.00081853510821396915,0.0022836582605211676,4.9100605136441768e-07,0.00151229,0.0028141273558139829,0.99577393925264523,6.16267,-1.2279706356817361,0.027021837814180241,1.9811851586718762e-05
1.3383107631889246,0.0025362999737262746,0.0043290421366691629,-0.013864130519040561,0.248153,-1.29601,1.28356,3.3306690738754695e-17,-0.0393385,3.1403899500890251e-07,0.71554508358240132,2.2204460492503131e-16,10,1.0,2.2204460492503131e-16,-0.017755,290,3.7647990360346364e-05,0.0015224388403474451,4.8164050208400474e-07,0.000668526,0.0035777254179120096,0.99644059882610914,6.15198,-1.8550776872344232,0.013975304635184985,8.9718430927073956e-06
1.8361644961027663,0.002775928229093554,0.0047098573483526753,-0.01343490799394048,0.302785,-1.43279,1.16439,-6.661338147750939e-17,-0.0869771,4.0301277454235907e-07,0.70847272090613844,0.0,10,1.0,0.0,-0.0120891,300,-0.00014523625943076087,0.0010149592268982968,5.1893586982581722e-07,0.000230789,0.0035423636045306952,0.99685699285185303,6.14294,-1.2054038254011055,0.0085706409449823415,9.7843846497339714e-06
1.4523880932970468,0.0024037101864814781,0.0044076436012983359,-0.017349953139925996,0.310161,-1.70621,1.44154,2.2204460492503132e-17,0.0901144,4.8595667639423312e-07,0.6787445724010468,0.0,10,1.0,0.0,-0.0235986,310,-1.4898580307868065e-05,0.00067663948459886455,6.4992011437045751e-07,0.000550747,0.0033937228620052372,0.9971371571715576,6.14391,-1.4181410503017671,0.017480800834355648,1.3263544792325249e-05
1.3335634927540216,0.0017342096567153945,0.0046822645515203522,-0.039016353400472638,0.453036,-1.33978,1.94642,1.1102230246251565e-16,0.0639326,8.9895746170182889e-07,0.68330690711736675,0.0,10,1.0,1.1102230246251565e-16,-0.163857,320,-0.00054351788295373149,0.00067663948459886455,1.0377046535243031e-06,0.0035522,0.0034165345355868368,0.99789392530822185,6.04021,-1.772484663532409,0.038010098151321385,4.1811241887459542e-05
1.3087547428456139,0.0018547350168228165,0.004578371569514279,-0.0094729105690324611,0.307137,-1.58202,1.88255,-2.2204460492503132e-17,-0.060942,8.0250932707959452e-07,0.68092851191759107,0.0,10,1.0,0.0,-0.0464773,330,2.3838255081202357e-05,0.00067663948459886455,8.1190061196982806e-07,0.00167894,0.0034046425595879587,0.99777116340336058,5.99442,-1.7282088373136528,0.011285037576425412,1.1002752585021323e-05
1.7789182879496372,0.0025938014686107658,0.0038504358381032978,-0.0097113814290463035,0.432491,-2.03264,2.35958,-4.9960036108132046e-17,-0.011126,1.3394180836680276e-07,0.63952146321535108,0.0,10,1.0,0.0,-0.064162,340,-0.00057832331260617386,0.00067663948459886455,1.8315134445926629e-07,0.00172162,0.003197607316076758,0.99455754610721958,6.0118,-1.6453344610217828,0.0089170098711228024,9.9992067264777689e-06
1.4149686749290868,0.0024830144643783591,0.0046691815927624742,-0.012825466072298619,0.323477,-1.68625,1.53821,-2.7755575615628914e-17,0.142887,5.3764855539328629e-07,0.72604952082037921,0.0,10,1.0,0.0,-0.0696454,350,0.00012851997437873309,0.00067663948459886455,6.4639671167235665e-07,0.00208354,0.0036302476041018988,0.99727796927012435,5.98666,-1.5624659249450104,0.0082776209741406842,1.0955036697993568e-05
1.2638217136368439,0.0020342022180557268,0.004703672472387556,-0.014431321116854908,0.362,-1.61446,1.30777,2.2204460492503132e-17,-0.0216507,7.0161437547646337e-07,0.72876018844544888,0.0,10,1.0,0.0,-0.0686716,360,-0.0013252002061224408,0.00067663948459886455,1.0023927021638028e-06,0.00235176,0.0036438009422272476,0.99761656357631112,5.9178,-1.9193324473414657,0.004381610017723369,6.187588627153779e-06
1.8831162668982868,0.0026637233793735528,0.0042465208470821416,-0.011360979469165018,0.350329,-1.51611,2.19081,1.3322676295501878e-16,0.0748864,2.18486480545315e-07,0.67288428097963338,1.1102230246251565e-16,10,1.0,1.1102230246251565e-16,-0.0383564,370,-8.2556585271608183e-05,0.00045109298973257638,4.0665257696839247e-07,0.00119185,0.0033644214048981699,0.99573493389167012,5.87146,-1.4958583884624213,0.0082052767190703094,9.7114501278545785e-06
1.512176570984231,0.0024057677388191244,0.0045956489816308061,-0.012483044640916971,0.404951,-1.8348,1.34638,0.0,0.0331657,5.4621640645463992e-07,0.69530814215540881,0.0,10,1.0,0.0,-0.110031,380,-0.00066435278144597401,0.00045109298973257638,7.1237902901987499e-07,0.002074,0.0034765407107770476,0.99729935885824328,5.81862,-1.446864296519454,0.0068307950721405728,1.0560925319176301e-05
1.9414600816898635,0.0023718428611755392,0.0047750190086662814,-0.011214301376379555,0.213965,-1.27141,1.34295,-5.5511151231257827e-17,-0.0292027,5.0334292163090769e-07,0.67913527525961404,0.0,10,1.0,0.0,-0.0236544,390,-0.0014206125299102974,0.00030072865982171761,7.6603169528809596e-07,0.000861645,0.0033956763762980728,0.99718692990592928,5.76646,-1.4410718941484875,0.011311934131737665,4.9366954179575024e-06
1.4050423973070711,0.0027881753444671657,0.0040592603385448496,-0.0093984023203103947,0.387933,-1.46565,2.12094,8.8817841970012528e-17,0.00988717,1.6969850777092352e-07,0.69581108093261723,-2.2204460492503131e-16,10,1.0,-2.2204460492503131e-16,-0.0666754,400,-0.00020813691743046497,0.00030072865982171761,4.6232078169404143e-07,0.00167036,0.0034790554046630895,0.99516260180473703,5.75452,-1.6730567414084681,0.0092534835207143014,8.9801431891677579e-06
1.3971537361581967,0.0018980225920677202,0.0040349959582090412,-0.013175059295365613,0.518441,-1.79087,3.49217,5.342948306008566e-17,-0.00546686,4.2559059728470824e-07,0.62442667186260226,0.0,10,1.0,2.2204460492503131e-16,-0.0874991,410,0.00011232919319301306,0.00030072865982171761,4.274737480070381e-07,0.00215673,0.0031221333593130138,0.99694130408555226,5.68144,-1.8735250343223164,0.013817161071284141,1.9247026429650895e-05
1.0445451524644409,0.00181985914707184,0.0042707223445177115,-0.01160962214799985,0.351471,-1.38063,1.89536,-4.3021142204224817e-17,0.0366294,6.9099883132281371e-07,0.68027713000774381,0.0,10,1.0,0.0,-0.0588254,420,-0.00057074790047587402,0.00030072865982171761,6.9185783422121042e-07,0.00184464,0.0034013856500387219,0.99759835832009214,5.60584,-1.9002716124368342,0.0060506268608227238,1.0568853823340153e-05
1.4567967574558121,0.0023517289757728596,0.0043235023319721259,-0.010684697485701338,0.413117,-2.03132,1.62377,4.4408920985006264e-17,0.0536958,4.2640244813502716e-07,0.67415291219949725,0.0,10,1.0,0.0,-0.0473264,430,-0.00047122145191408609,0.0002004857732144784,6.5112633657195818e-07,0.00105619,0.003370764560997489,0.99694421060176064,5.55974,-1.5581703397448763,0.010722874790568509,1.0857373492767617e-05
1.9583466527549844,0.0023995772004127523,0.0045827585086226502,-0.020871929003867428,0.281897,-2.02563,1.57362,-1.1102230246251566e-17,-0.0368528,4.4246281819906943e-07,0.65562990233302121,0.0,10,1.0,0.0,-0.0263646,440,-9.0869761854719163e-05,0.00013365718214298559,4.5121332580703136e-07,0.000421762,0.0032781495116651085,0.99700005622884125,5.55031,-1.3188236084196325,0.01336763248804424,1.2809426681648356e-05
1.5778033898061663,0.00207134395837784,0.0045578553900122686,-0.0090078602139335613,0.364855,-1.37868,2.05944,-1.1102230246251566e-17,-0.016416,5.7148292744108834e-07,0.67270272150635724,2.2204460492503131e-16,10,1.0,2.2204460492503131e-16,-0.0742768,450,0.00012186000733990095,0.00013365718214298559,7.2880753131555346e-07,0.00161815,0.0033635136075317895,0.99735961477301749,5.51942,-1.7070403820298967,0.0090870725382925233,7.6773627313286225e-06
1.2084552940984348,0.0022835266590118431,0.0043180184066295658,-0.010460346794006259,0.384678,-1.291,1.92076,-6.1062266354383615e-17,0.0619054,3.3362329608939754e-07,0.72376091331243519,0.0,10,1.0,0.0,-0.0971811,460,0.00017674206608425463,0.00013365718214298559,3.5803522125087027e-07,0.00266361,0.0036188045665621798,0.99654637555838188,5.4479,-2.3077684736852038,0.010074301717277682,1.3092117475105562e-05
1.9108755671532864,0.0021354827284812946,0.0046290636435151146,-0.0099769301052847134,0.265096,-1.60763,1.58308,4.4408920985006264e-17,0.0211708,4.0717139696160982e-07,0.68156467750668526,0.0,10,1.0,0.0,-0.0748183,470,-0.00012295689808647584,0.00013365718214298559,7.9902013385810131e-07,0.00188971,0.0034078233875334289,0.99687304675133848,5.40593,-1.9908324071122789,0.012069128421407907,1.1812493411984577e-05
1.856142592262797,0.0031352998316288021,0.004854930341243748,-0.011481930392412664,0.317216,-1.63613,1.7439,-1.1102230246251566e-17,-0.0334378,2.5377793730575499e-07,0.78360336124897001,0.0,10,1.0,0.0,-0.0489036,480,-0.0012741946090991953,8.9104788095323721e-05,4.5376799994488528e-07,0.00122619,0.0039180168062448537,0.99604167535641186,5.3468,-1.5506599702112809,0.0042168252146030311,3.8803353015891334e-06
1.6552817839567771,0.0028871244192123437,0.0046527963876724287,-0.019407593120295986,0.395488,-2.3709,2.08754,0.0,-0.0311578,3.3171068727652338e-07,0.73955852985382076,0.0,10,1.0,0.0,-0.111841,490,0.00019963358237000273,8.9104788095323721e-05,3.5887808452240533e-07,0.00333881,0.0036977926492691078,0.9965364590939384,5.25304,-1.4051090064725296,0.023262554276984305,1.220783357213818e-05
1.2555611721195836,0.0026948453485965752,0.0047220398671925113,-0.0079440954047935494,0.325399,-1.97086,1.26544,-2.4980018054066023e-17,-0.0226512,3.3833518281118317e-07,0.79809344522655012,0.0,10,1.0,0.0,-0.0373773,500,0.0002479002316939319,5.9403192063549147e-05,4.9136835318239049e-07,0.000957966,0.0039904672261327542,0.99657044653230431,5.21102,-2.223610386559308,0.011936450392009914,1.0616580604886468e-05
1.2234749113472889,0.0017273411154747024,0.0046820541843771973,-0.029140689190250039,0.336621,-1.62037,1.72124,4.4408920985006264e-17,-0.104621,8.1358291127249217e-07,0.7154541283845901,-2.2204460492503131e-16,10,1.0,-2.2204460492503131e-16,-0.150817,510,-8.1400559986904625e-05,5.9403192063549147e-05,8.8610338119979661e-07,0.00290036,0.003577270641922954,0.99778635831278994,5.1865,-2.0486749452676132,0.056751070665180994,4.3518984184359151e-05
1.3235597814125979,0.0024390605092048665,0.0041107081621885337,-0.011940102590938233,0.398436,-1.55945,2.00961,-1.2212453270876723e-16,0.112831,3.4001447531538416e-07,0.66752136647701266,0.0,10,1.0,0.0,-0.193092,520,-0.00077757390200642565,5.9403192063549147e-05,3.4006228124882033e-07,0.00457001,0.0033376068323850662,0.99657890433132512,5.12773,-1.5383232821495847,0.012726008542209399,1.1590119398145763e-05
1.2946201746021622,0.0024582192301750203,0.0048065869323909325,-0.012044411252107208,0.376852,-1.52518,2.48425,4.4408920985006264e-17,-0.0299007,4.8259398138148185e-07,0.78118656463921066,2.2204460492503131e-16,10,1.0,2.2204460492503131e-16,-0.0715539,530,-0.001531853693362779,5.9403192063549147e-05,4.9056114124042467e-07,0.00232673,0.0039059328231960573,0.99712722186346314,5.10214,-2.0809755992189518,0.0046444582921449928,7.2745879327526172e-06
1.34027833406851,0.003082790523767474,0.0044121406599879308,-0.0086039425404712631,0.359959,-1.93461,1.4897,-1.1102230246251566e-17,-0.0413284,2.0516139962501117e-07,0.76074494346976285,-2.2204460492503131e-16,10,1.0,-2.2204460492503131e-16,-0.0529427,540,0.00076053776188416994,3.9602128042366096e-05,2.0533384431273655e-07,0.00116777,0.003803724717348818,0.99559905652717595,5.06214,-1.5881445771373675,0.011929851110290031,8.4664949464454854e-06
1.3113231351649828,0.0024260595440864586,0.0043684885650873227,-0.0087249158858364682,0.331927,-2.04235,1.28554,0.0,-0.064128,3.6678045861565952e-07,0.71460168957710268,0.0,10,1.0,0.0,-0.0963449,550,0.00014158744361885149,3.9602128042366096e-05,8.4274680386151451e-07,0.00189877,0.0035730084478855159,0.9967057824072928,5.02498,-1.8907080137896952,0.0083076782767332949,5.5344724402686908e-06
1.3207696605229671,0.00225071042776108,0.004011540189385418,-0.012485446383779665,0.239466,-1.3124,0.935643,0.0,-0.0798508,2.2873963065493011e-07,0.67570769041776657,2.2204460492503131e-16,10,1.0,2.2204460492503131e-16,-0.0516041,560,-0.00016938976428659092,3.9602128042366096e-05,3.2928948767382e-07,0.00151157,0.0033785384520888364,0.99583131711083506,5.01802,-2.353233725994865,0.0098385269126346417,9.7422143727519947e-06
1.3340463409395513,0.002738706618547442,0.0046312882378697438,-0.018549295884530838,0.283086,-0.775325,1.54238,-1.1102230246251566e-17,0.199015,2.6262017501478597e-07,0.78926047906279562,0.0,10,1.0,0.0,-0.0535104,570,-0.00041910881278557166,2.6401418694910729e-05,3.5939214396522881e-07,0.00130558,0.0039463023953139817,0.9961086866470561,5.03362,-2.3518569687786108,0.019734390834457143,1.566054531386445e-05
2.0527273476251051,0.0029942367970943479,0.0047988397255539937,-0.016943617779325609,0.349451,-1.63426,1.79991,-7.7715611723760953e-17,0.0930723,2.9219927357518073e-07,0.73743515834212303,0.0,10,1.0,0.0,-0.106915,580,-0.00046360668958326449,2.6401418694910729e-05,5.3158803157684735e-07,0.00264168,0.0036871757917106181,0.99631033792168,5.09527,-1.2795367207488009,0.016064367579913807,1.3568229195501261e-05
1.5247889335493683,0.003282291144132617,0.004359827563166622,-0.011171107512048851,0.307204,-1.94459,1.88171,-2.2204460492503132e-17,0.0868794,1.30960854988151e-07,0.76130086332559588,-2.2204460492503131e-16,10,1.0,-2.2204460492503131e-16,-0.028821,590,-0.00049895601436647486,1.7600945796607154e-05,2.3363477483339854e-07,0.000993252,0.003806504316627983,0.99449620807342853,5.10817,-1.4445705096287198,0.011198997565580741,3.2055922528593015e-06
0.98069583800347215,0.0023921585083007835,0.0044158671423792876,-0.010488030761601489,0.337863,-1.03107,1.47489,-1.3322676295501878e-16,0.0637878,3.2500512014221053e-07,0.77115987911820416,0.0,10,1.0,0.0,-0.0866478,600,-0.00076242157747611445,1.7600945796607154e-05,3.3223538872168469e-07,0.00195241,0.0038557993955910239,0.99650100463972202,5.06523,-2.5628801778508823,0.0061652001254251746,6.2446923038585579e-06
1.5341126008931716,0.0032654234766960172,0.0045729733258485835,-0.0077203237311440128,0.213771,-1.85808,1.30845,-3.3306690738754695e-17,0.0951985,1.5667924381366928e-07,0.79283911585807798,0.0,10,1.0,0.0,-0.024623,610,-0.00020285384974111522,1.173396386440477e-05,1.6432303054816077e-07,0.000771761,0.0039641955792903937,0.99496637438900437,5.03774,-1.7608972959398117,0.0051087770468995989,5.8596214431181939e-06
1.762888247750011,0.0030511298775672941,0.00416108958423138,-0.014677280845876522,0.338877,-1.91122,1.92996,-1.4432899320127036e-16,0.0290198,1.6303235653628729e-07,0.68950412571430209,0.0,10,1.0,-2.2204460492503131e-16,-0.0760718,620,-8.0147635155598083e-05,1.173396386440477e-05,1.6338214636659832e-07,0.00178695,0.0034475206285715133,0.9950650582368088,4.98064,-0.97929231774935732,0.01057609091731083,8.9695679033724503e-06
1.2699409376121629,0.0036722575128078495,0.0045563001558184667,-0.010637332772204697,0.307794,-1.7571,1.37758,6.661338147750939e-17,-0.0202874,1.0771648406427026e-07,0.82764663845300679,0.0,10,1.0,0.0,-0.0149599,630,0.00014621459031752002,7.8226425762698466e-06,1.3577563582453523e-07,0.000611305,0.0041382331922650371,0.99393392814847381,4.94606,-1.4154708285116582,0.013132992247055834,9.1823193061379771e-06
1.3531412942277761,0.0027760897576808953,0.0043170525878667874,-0.014042457537024529,0.425241,-1.61545,1.58342,-1.1102230246251566e-17,0.0835342,2.0711101621403844e-07,0.73997845351696012,0.0,10,1.0,0.0,-0.051907,640,-0.00011472834601897496,5.2150950508465644e-06,2.225763768844554e-07,0.00102019,0.0036998922675848039,0.99561975114177859,4.93162,-2.0254628866792612,0.014077143424938827,9.5006300069312627e-06
1.7544181276555444,0.0028511624038219476,0.0047942570783197922,-0.0098107361706853725,0.445996,-1.70013,2.26291,2.2204460492503132e-17,0.0620878,3.164908299483466e-07,0.7611021142452955,0.0,10,1.0,0.0,-0.0626239,650,-0.00048660442913253519,3.4767300338977098e-06,3.2092802219349607e-07,0.00125432,0.0038055105712264817,0.99645437610661669,4.89962,-1.6933821894466123,0.0067781565807145758,5.4010068823947477e-06
1.347434213841362,0.0034964738786220583,0.0045411859825253524,-0.0082744151140420781,0.474238,-1.8909,2.45838,4.4408920985006264e-17,0.00177875,1.2846099045297839e-07,0.81137970387935643,0.0,10,1.0,0.0,-0.0487864,660,0.00079921322814474301,2.3178200225984733e-06,1.28461640359374e-07,0.00125146,0.0040568985193967858,0.99444313623001634,4.84832,-1.5592708726782618,0.012790064212499126,8.0816303747569028e-06
1.3641484213916513,0.003103719055652621,0.0044636382535100019,-0.010183437647184292,0.288386,-1.2073,2.49199,2.2204460492503132e-17,0.0776827,2.0562445271197033e-07,0.7687379293143749,2.2204460492503131e-16,10,1.0,2.2204460492503131e-16,-0.0660761,670,0.00020609634465167898,1.5452133483989821e-06,2.6798326301291378e-07,0.00148535,0.0038436896465718776,0.99560399828247625,4.77446,-1.6282474098365085,0.010544085676436809,1.1025846527431102e-05
1.241614213949892,0.0030477114021778134,0.0044119815528392827,-0.0086468888951425418,0.290859,-1.57561,1.66896,2.2204460492503132e-17,0.0535574,2.3815566437110703e-07,0.76096347272396092,0.0,10,1.0,0.0,-0.0689894,680,1.9934649022820062e-05,1.5452133483989821e-06,2.4036417592460647e-07,0.00167894,0.0038048173636198077,0.99591430218443899,4.7208,-1.548236111225558,0.012038795404711001,8.676704607818436e-06
1.1949589716262998,0.0024708741903305075,0.0048114726878702684,-0.01907741866271653,0.400417,-1.84707,1.81688,-3.8857805861880476e-17,-0.0100659,5.7106113150475779e-07,0.78145282417535777,0.0,10,1.0,0.0,-0.0631685,690,-0.00091974284816526174,1.030142232265988e-06,5.73525127208772e-07,0.00137639,0.0039072641208767927,0.99735864176742184,4.67795,-1.8982645120993928,0.019113741992658879,9.6354379728771748e-06
1.3547172252481898,0.0031549687683582336,0.0044757252186536827,-0.011468005801972358,0.298464,-1.92077,1.22146,-2.2204460492503132e-17,0.0220973,2.02558853469375e-07,0.77293183356523509,2.2204460492503131e-16,10,1.0,2.2204460492503131e-16,-0.0610607,700,-0.00012329939779015653,6.8676148817732538e-07,2.0332349723938798e-07,0.00138617,0.0038646591678261795,0.99557096802435885,4.65819,-1.5733647900264296,0.011836767445968673,8.427532581896928e-06
1.182417020131413,0.0031718549132347135,0.0045499670505523724,-0.011894639129584671,0.275223,-1.49447,1.44523,0.0,0.0084589,3.1878012601062956e-07,0.77623693794012072,0.0,10,1.0,0.0,-0.0785065,710,-0.00097951568859483895,6.8676148817732538e-07,3.1921402599966156e-07,0.00202012,0.0038811846897006072,0.99646709655047627,4.59707,-1.2541054454711984,0.0032938439454966943,3.6634287109032286e-06
1.6813207614195387,0.0029414236545562771,0.0048433387465775055,-0.0090764778766513031,0.432686,-2.16406,1.86587,-1.1102230246251566e-17,-0.0540995,2.6771506450632141e-07,0.79434441439807413,2.2204460492503131e-16,10,1.0,2.2204460492503131e-16,-0.111938,720,-0.00044983563094557871,6.8676148817732538e-07,3.1626347848307265e-07,0.00258017,0.0039717220719903742,0.99614578471629811,4.57863,-1.9874127815535223,0.0079860576870553965,7.4251797589194451e-06
1.866774033544907,0.0035704182088375125,0.0049040472880005877,-0.0091121013644428726,0.214405,-1.53335,1.56468,2.2898349882893852e-17,0.0635475,1.7991467767037946e-07,0.82207261994481085,-2.2204460492503131e-16,10,1.0,-2.2204460492503131e-16,-0.0309924,730,-0.00040831373602873909,4.5784099211821692e-07,2.1736402293051465e-07,0.00111747,0.0041103630997240586,0.99530145944463266,4.58817,-1.2699699915163953,0.009636307034917772,4.6720632162650384e-06
1.7808759386953641,0.0036601230502128633,0.0044570218026638072,-0.0071108211821973646,0.314188,-1.80757,1.14753,4.4408920985006264e-17,0.0173543,6.5980345712817367e-08,0.79955874830484386,0.0,10,1.0,0.0,-0.0767126,740,6.0409886105621377e-05,4.5784099211821692e-07,2.3123871808052629e-07,0.00158405,0.0039977937415242217,0.99225908435924048,4.57239,-1.309479233187032,0.0091542267548278475,6.8113151577860035e-06
1.4445126057457822,0.0030950522422790554,0.0045527563244104428,-0.0069596279948301084,0.256969,-1.46535,1.87364,8.3266726846886737e-18,0.00470629,1.6366639663604804e-07,0.79338481426239016,0.0,10,1.0,0.0,-0.0269748,750,-0.00060185936623235754,3.0522732807881126e-07,1.7975189979275424e-07,0.000809431,0.0039669240713119547,0.99507459106708196,4.553,-2.1498130923510663,0.0071057382998228188,5.4782341567734827e-06
1.2799764216131444,0.0036187396943569215,0.0046793150901794471,-0.010138551569845725,0.283895,-1.21402,1.45661,0.0,0.123885,1.1512804741000212e-07,0.84874648079276083,0.0,10,1.0,0.0,-0.0522823,760,-0.00013630042404410379,2.0348488538587418e-07,1.7752425552035751e-07,0.00111246,0.0042437324039638086,0.99413155833706013,4.51849,-1.836565036427757,0.012369175095331229,1.2390725763590581e-05
1.6154352978318025,0.0033206607401371031,0.0046164466813206715,-0.012710610178045437,0.375007,-1.52631,2.94625,-1.1102230246251566e-17,0.122025,1.3384969228981899e-07,0.80476331636309628,0.0,10,1.0,0.0,-0.0823016,770,-0.00036819957536607991,2.0348488538587418e-07,1.9045570255085332e-07,0.00195527,0.0040238165818154851,0.99455568131889704,4.54914,-1.9167146040545433,0.0091731513133060539,9.1285257597789441e-06
1.711964579801998,0.0032702043652534513,0.0043430003523826635,-0.017284325002961089,0.300804,-1.66245,1.61994,1.1102230246251566e-17,0.0899416,1.0839707181778642e-07,0.75552922487258911,0.0,10,1.0,0.0,-0.0454342,780,3.4786611014592616e-05,1.3565659025724944e-07,2.5123441662593928e-07,0.00130796,0.0037776461243629487,0.99395291492755822,4.51862,-1.536598250889148,0.017304894911843192,1.0913704000427819e-05
1.8483757733923152,0.0036624699831008943,0.0048485233448445839,-0.012223435878081251,0.445902,-2.65542,1.25449,-1.4432899320127036e-16,-0.0225353,1.381824510155482e-07,0.83191601745784283,0.0,10,1.0,0.0,-0.0280404,790,0.00029061139706231773,9.043772683816629e-08,1.4038375595323093e-07,0.000693798,0.0041595800872892179,0.99464136926756397,4.48416,-1.3337038474701746,0.011862438638236496,9.9277619733512096e-06
1.7306854526455375,0.0036032983660697969,0.0048350148461759135,-0.0060214002356759749,0.302754,-2.33571,1.81959,-2.2204460492503132e-17,0.14899,9.798625117026634e-08,0.85830638445913787,0.0,10,1.0,0.0,-0.0285447,800,0.00028760943363046203,6.0291817892110856e-08,9.8335326382931398e-08,0.000491381,0.0042915319222956924,0.99364127279809633,4.4943,-2.1916342748703883,0.0127154814585307,7.948130477829632e-06
1.2960782929150423,0.0030911782383918791,0.0046779739484190987,-0.0096183881993105996,0.239874,-1.52538,1.14441,2.2204460492503132e-17,-0.00105712,2.2389257575110361e-07,0.81268175393342967,0.0,10,1.0,0.0,-0.05929,810,-0.00050614692286496421,4.0194545261407239e-08,2.5220768812077698e-07,0.00114369,0.0040634087696671522,0.99578657670512916,4.4564,-2.0503714347339264,0.012361856349994664,8.7528467741155276e-06
1.8769873884395409,0.0034001800417900116,0.0046644470468163533,-0.0098796072813209131,0.301456,-1.51213,1.2672,2.2204460492503132e-17,-0.026962,1.1983008454657778e-07,0.80256461054086681,0.0,10,1.0,0.0,-0.0250297,820,-0.001013989705283185,2.6796363507604826e-08,1.7534386067759807e-07,0.00083828,0.0040128230527043379,0.99424734479807009,4.41882,-1.7647035951597332,0.01080992178062041,5.0170529696570932e-06
1.5386344325430314,0.0035885332524776491,0.0046894624643027821,-0.0083049288873109986,0.325713,-1.79508,3.36434,-8.8817841970012528e-17,0.0712578,1.1795233029521835e-07,0.83189846314489846,2.2204460492503131e-16,10,1.0,2.2204460492503131e-16,-0.0514706,830,0.00062608511943579043,1.7864242338403216e-08,1.7384634682984344e-07,0.0011673,0.0041594923157244959,0.99420193413349534,4.38922,-1.657635390673976,0.01078877188578709,9.2147830796610656e-06
1.2664069644326799,0.003214200139045718,0.0045723186805844349,-0.0082599983254385487,0.373503,-2.07614,1.33024,1.1102230246251566e-17,-0.111551,1.9333583234221601e-07,0.80284270048141482,2.2204460492503131e-16,10,1.0,2.2204460492503131e-16,-0.110012,840,0.00019338151907406112,1.7864242338403216e-08,3.5683149477705084e-07,0.00285268,0.0040142135024070777,0.99546691125631859,4.308,-1.8153253806186269,0.011421268713234303,8.6872642857305564e-06
2.2939993389652416,0.0033068503439426453,0.0048280705697834533,-0.014361572157341327,0.547515,-2.62721,2.26894,4.4408920985006264e-17,-0.00441068,1.5224078158230624e-07,0.786140576377511,-4.4408920985006262e-16,10,1.0,-4.4408920985006262e-16,-0.108423,850,0.00033726027230609334,1.7864242338403216e-08,1.7619162174470729e-07,0.00239396,0.003930702881887559,0.99489380502536107,4.31148,-1.5947947858620084,0.014366344114588436,7.5750325024970473e-06
1.4973900272542975,0.0031502881646156338,0.0047564244642853779,-0.016395869118157852,0.201145,-1.09037,1.68991,-6.661338147750939e-17,0.147551,2.649647004657343e-07,0.79682994410395624,-2.2204460492503131e-16,10,1.0,-2.2204460492503131e-16,-0.0920321,860,-0.00064526903647890005,1.7864242338403216e-08,3.0444682999607516e-07,0.00231767,0.0039841497205197838,0.99612589076917968,4.25543,-1.6168028127313936,0.016427585423477543,9.0434602702481772e-06
1.9466403731333655,0.0034288619458675415,0.0049175204429775521,-0.0113012218591298,0.214305,-1.10724,1.59163,1.1102230246251566e-17,0.0581214,1.7908014159131957e-07,0.81835944447666409,1.1102230246251565e-16,10,1.0,1.1102230246251565e-16,-0.0731149,870,-0.0010565323657895829,1.7864242338403216e-08,2.2916919399886293e-07,0.00206423,0.0040917972223833239,0.99529056292762963,4.16995,-1.5628682128028968,0.0050698131628313051,4.2736201056806846e-06
1.4569638335885378,0.003419993221759799,0.004786769766360526,-0.01340439094259907,0.209508,-0.912208,1.54869,4.4408920985006264e-17,0.112024,1.6020143107336006e-07,0.84043210744857788,0.0,10,1.0,0.0,-0.0428354,880,-0.00063354180014667499,1.1909494892268811e-08,1.6031642951020131e-07,0.00112724,0.0042021605372428933,0.99502180862842793,4.12269,-1.9493183373001464,0.013381058347468097,1.2138416605951385e-05
1.7158422888099172,0.003558306843042377,0.004958165879361336,-0.011868028506498249,0.352645,-2.29384,1.32824,-3.3306690738754695e-17,0.0516419,1.2727991966803422e-07,0.86886015972122554,0.0,10,1.0,0.0,-0.0319474,890,-0.00049097690314858853,7.9396632615125406e-09,1.3585450211665964e-07,0.000745058,0.0043443007986061306,0.99441752160856911,4.08985,-2.1969675584838817,0.011209753054293494,8.8945465904037077e-06
1.4377624531441293,0.0033168086409568814,0.0047942811436951201,-0.0085261578738609952,0.414631,-2.25545,1.86842,0.0,0.0224228,2.1263402249007357e-07,0.82597173340618613,0.0,10,1.0,0.0,-0.0826206,900,-0.00065372513255660769,5.2931088410083604e-09,3.2624164716965909e-07,0.00135851,0.0041298586670309341,0.99567682642801714,4.07129,-1.7593817805293084,0.0034976644430310395,3.6612609156869922e-06
1.62571810194169,0.0035631498694419892,0.0047183597087860152,-0.012462925734648168,0.255955,-1.63337,1.65749,4.4408920985006264e-17,0.0471954,1.1632807277453324e-07,0.83245038390159609,1.1102230246251565e-16,10,1.0,1.1102230246251565e-16,-0.0613276,910,-0.0011312344041533456,5.2931088410083604e-09,2.1069632489542966e-07,0.00168753,0.0041622519195079841,0.99416177283641483,4.05696,-1.7514069511004795,0.0026033263906214779,4.5077644012095367e-06
1.9980090384157587,0.0037388356029987367,0.0045665095746517219,-0.0081312887088774519,0.334559,-1.55959,1.75878,1.1102230246251565e-16,0.030722,4.1593896666018818e-08,0.83140519559383397,0.0,10,1.0,0.0,-0.0678335,920,-0.00026968062733020244,5.2931088410083604e-09,9.644812103970375e-08,0.00178337,0.0041570259779691735,0.99026513113859216,4.0441,-2.0404923560763883,0.0088948703629468575,7.6026685496103578e-06
1.5488260535438449,0.0035327233374118838,0.0048402169719338464,-0.011060650126836102,0.301436,-1.55817,1.5244,5.551115123125783e-18,0.0210755,1.4622783947903488e-07,0.84928019046783443,0.0,10,1.0,0.0,-0.0625937,930,-0.0001398281345856469,5.2931088410083604e-09,1.4630816229449479e-07,0.00165606,0.0042464009523391763,0.99479028475939835,3.9948,-1.8614561536836376,0.012059652706568525,1.1524943110867647e-05
1.4856160327207193,0.0039607699215412177,0.0048402137868106404,-0.0072100881983588284,0.478964,-1.66597,2.74472,4.4408920985006264e-17,0.107676,5.6013400796855525e-08,0.89742503799498086,0.0,10,1.0,0.0,-0.037907,940,-0.00043974745753532445,3.5287392273389071e-09,1.283656002664249e-07,0.00111008,0.004487125189974908,0.99160272696318041,3.93759,-2.214633473580855,0.011869946282530297,7.4042826733242371e-06
1.6088832746769195,0.003824713006615642,0.0048698517214506905,-0.0081287267746719162,0.235315,-1.44474,1.97606,0.0,0.0200246,1.0360588566459515e-07,0.87007552217692141,2.2204460492503131e-16,10,1.0,2.2204460492503131e-16,-0.0637818,950,0.00027588636681914356,2.352492818225938e-09,2.3985066584180993e-07,0.00140262,0.0043503776108846101,0.99381531523967781,3.89324,-1.6280560911426272,0.011358631635321234,7.6048864553546344e-06
1.2538287411229494,0.0035662640631198917,0.0048340375907719177,-0.0072369735987668337,0.233066,-1.69405,1.2689,7.4940054162198071e-17,-0.114816,1.6873080919699689e-07,0.86355006732046602,0.0,10,1.0,0.0,-0.040022,960,-0.00083067448717472992,1.5683285454839587e-09,2.5592363753936839e-07,0.00105476,0.0043177503366023341,0.99514880044421727,3.85487,-1.8250210142553185,0.002614841325864232,1.457997436830961e-06
1.3449882024294819,0.0038901018351316487,0.0048470313847065018,-0.0066688867971914723,0.173776,-1.48495,0.863542,2.2204460492503132e-17,0.00944885,1.1067646514063496e-07,0.87964694909751417,0.0,10,1.0,0.0,-0.0429871,970,-0.00029145346688639289,1.0455523636559724e-09,1.8064099628459862e-07,0.00106788,0.0043982347454875753,0.9940152278196781,3.81982,-1.5228116923609436,0.006980914195132271,4.7960854804544979e-06
1.5742159958047377,0.0036167813837528263,0.0049103746004402682,-0.0060810161906504857,0.275084,-1.75751,2.42963,-4.4408920985006264e-17,0.0179391,1.1311694507517814e-07,0.87586929611861708,2.2204460492503131e-16,10,1.0,2.2204460492503131e-16,-0.0866963,980,-0.000900320391749126,1.0455523636559724e-09,2.4832373444032291e-07,0.00150013,0.0043793464805930897,0.99407985159205536,3.7691,-2.2606000104736421,0.0038127346232503488,5.1217835692515892e-07
1.3976817609992473,0.0032047592103481323,0.0047838323190808338,-0.0042456225493084374,0.427477,-2.71623,2.3746,2.2204460492503132e-17,-0.133546,3.4177288568584237e-07,0.7930662162601948,0.0,10,1.0,0.0,-0.154021,990,0.00033793061348688728,1.0455523636559724e-09,4.9542328826889287e-07,0.00308132,0.0039653310813009771,0.99658769382835621,3.7143,-1.2987609338787327,0.011464243703501091,5.0852607861526109e-06
2.0538589768943547,0.0038543479889631307,0.0049018713552504822,-0.0062792358163268587,0.281117,-1.4283,1.81321,0.0,0.0675768,1.0302256437488367e-07,0.8481175491586328,0.0,10,1.0,0.0,-0.048563,1000,-0.00065772287061626356,6.970349091039816e-10,1.3412765203257363e-07,0.0014677,0.0042405877457931673,0.99379791229935077,3.70185,-1.1996093362269695,0.0047509466960034942,3.037885659968527e-06
1.3419766590831215,0.0035473473370075258,0.0046765874326229135,-0.01201990087472422,0.436168,-1.50119,2.32387,0.0,0.115956,1.162155914578344e-07,0.84355202764272685,2.2204460492503131e-16,10,1.0,2.2204460492503131e-16,-0.0601158,1010,0.0004684095875818125,4.6468993940265438e-10,1.3343382374453592e-07,0.00124788,0.0042177601382136385,0.99415896059014341,3.68851,-1.9608212984091142,0.012353968133489676,1.2260158379425373e-05
1.4230144268642413,0.0039232806116342583,0.004764849971979861,-0.0098632614020860276,0.295997,-1.75604,1.38777,-6.661338147750939e-17,-0.0194696,8.5800304710734631e-08,0.86932039931416516,3.3306690738754696e-16,10,1.0,3.3306690738754696e-16,-0.0942597,1020,-7.6620684343522492e-05,4.6468993940265438e-10,8.703611077869838e-08,0.00209451,0.0043466019965708296,0.99320693113412661,3.70594,-1.4402758013969426,0.0099083094143774825,7.3174164034755827e-06
1.8121763463330272,0.0039978516846895257,0.004880125438794498,-0.0071636676520384192,0.370251,-1.58396,1.37988,2.2204460492503132e-17,-0.0376851,6.1958892374857724e-08,0.88544692080467935,-2.2204460492503131e-16,10,1.0,-2.2204460492503131e-16,-0.037256,1030,-0.00060440778621574491,3.097932929351029e-10,6.2661428725377203e-08,0.00135732,0.0044272346040234011,0.99201330374404595,3.68493,-1.7181128656082245,0.010286393475497741,6.2845011852023334e-06
1.5343101958588536,0.003613654673099521,0.0048617064766585871,-0.0052747985530193966,0.292648,-1.67257,1.66776,0.0,0.0505012,1.339916923913654e-07,0.85970796532928939,0.0,10,1.0,0.0,-0.088049,1040,0.00057838947210282537,3.097932929351029e-10,2.0838447004699371e-07,0.00228667,0.0042985398266464515,0.99455855515368463,3.60957,-1.8659241879055983,0.012937906151446845,7.2627737224305446e-06
1.0651129872190166,0.0040211542695760766,0.0046912232227623507,-0.0061814733132766362,0.39253,-1.53541,1.9768,-5.5511151231257827e-17,-0.00627886,5.7386707750851925e-08,0.8870009448379278,0.0,10,1.0,0.0,-0.0568495,1050,-0.00011603923845969065,3.097932929351029e-10,8.1901690580136083e-08,0.00177026,0.0044350047241896434,0.9917031820151756,3.5342,-1.7203968348535077,0.010756614042522065,6.8363023961970858e-06
1.6256919081765662,0.0035885605216026337,0.0047276846691966098,-0.010631344420034118,0.245878,-1.62311,1.56338,0.0,0.032118,1.1128304100314143e-07,0.83674851581454279,0.0,10,1.0,0.0,-0.0832263,1060,-0.00078198071556725838,3.097932929351029e-10,1.432799873971292e-07,0.00156975,0.0041837425790727176,0.99403148766480831,3.48169,-1.778833946276545,0.0052011980977495617,6.1264583117695631e-06
1.6867721579022783,0.0040376644581556357,0.0048512029927223962,-0.011801680470740386,0.338172,-1.49124,1.98781,4.4408920985006264e-17,0.0524323,7.864870748273006e-08,0.87529429588466878,-4.4408920985006262e-16,10,1.0,-4.4408920985006262e-16,-0.0716394,1070,-0.00056544727773515926,3.097932929351029e-10,8.0749091534518e-08,0.00177336,0.0043764714794233472,0.9929064093314699,3.50834,-1.2038178093649796,0.011879715251454341,1.4926462175372591e-05
1.276533498990962,0.0036281619966030154,0.0048324120417237324,-0.0091080425611403878,0.40231,-1.77571,2.82344,0.0,-0.0876858,1.5515956348580719e-07,0.86566102989017968,0.0,10,1.0,0.0,-0.136207,1080,9.9996459221391134e-05,3.097932929351029e-10,1.5530111156875867e-07,0.00299668,0.0043283051494509023,0.99494187738200579,3.47869,-1.7729497501410119,0.010703686704544598,1.0446785863506771e-05
2.2424208652675435,0.0039509871602058447,0.0049561823252588554,-0.010930952926823502,0.223186,-1.76989,1.82921,-1.9428902930940238e-17,0.150817,7.9453714831039284e-08,0.86437134612351652,-2.2204460492503131e-16,10,1.0,-2.2204460492503131e-16,-0.0804655,1090,-0.00041676998539556446,3.097932929351029e-10,8.2958444482096204e-08,0.00252676,0.0043218567306175871,0.9929422452314991,3.39469,-1.3110706394472746,0.009236402527571675,7.7610502913959687e-06
1.3243280704979055,0.00360689997673035,0.0049249489465728446,-0.0088781669278106563,0.411086,-2.02338,2.03281,2.2204460492503132e-17,0.0108355,1.5283775332111536e-07,0.88117711739614601,2.2204460492503131e-16,10,1.0,2.2204460492503131e-16,-0.0804959,1100,-0.00029341570982461011,3.097932929351029e-10,1.541533007127121e-07,0.00185847,0.0044058855869807349,0.99490374878623344,3.33738,-2.0385162081368486,0.012705286960012857,7.5481544536429156e-06
1.667054821974894,0.0039450102299451867,0.0048086781427264256,-0.0044927053566090596,0.200895,-1.82777,1.12051,1.1102230246251566e-17,-0.010875,5.6587967239282999e-08,0.8820896655321121,-2.2204460492503131e-16,10,1.0,-2.2204460492503131e-16,-0.0561203,1110,0.0002347844653830364,3.097932929351029e-10,5.6963216559813215e-08,0.00151873,0.0044104483276605645,0.9916451984375303,3.28939,-1.948399632003744,0.012229516847091414,7.0104350549185769e-06
1.3273648245368896,0.003680010885000232,0.0048316495120525405,-0.0095441619931205847,0.31463,-2.05714,1.4076,4.4408920985006264e-17,0.064565,1.4629951735764722e-07,0.86452335678040981,0.0,10,1.0,0.0,-0.157849,1120,0.00022313446550093323,3.097932929351029e-10,1.4944731816256147e-07,0.00346351,0.0043226167839020531,0.99479155614749692,3.21219,-1.6756731327303138,0.011283625452480113,1.000773886911965e-05
1.7132858178283696,0.0035868501663208039,0.0049435236537829089,-0.0099739083613298359,0.533166,-2.4646,2.47481,0.0,0.096547,1.4387343252546614e-07,0.85838997894898061,-2.2204460492503131e-16,10,1.0,-2.2204460492503131e-16,-0.148892,1130,-0.00028402417603483402,3.097932929351029e-10,1.5414740243137653e-07,0.0040102,0.0042919498947449064,0.99474799809671599,3.07618,-1.8540301049680439,0.011278280751478124,9.0230346392921432e-06
1.0944120907127244,0.0039123077690601388,0.0048286930099129717,-0.0087836339795864787,0.275013,-2.1975,1.16486,2.7755575615628914e-17,0.0124639,1.1223898888915661e-07,0.89218953959643843,1.1102230246251565e-16,10,1.0,1.1102230246251565e-16,-0.0829294,1140,-0.00088312963171670214,3.097932929351029e-10,1.5612053961291732e-07,0.00242615,0.004460947697982197,0.99405684550133255,2.9931,-1.6327554755425289,0.0089331274104308724,3.208670985546346e-06
1.6617577890906081,0.0040352420508861578,0.0048523972462862774,-0.010895176654222105,0.35052,-2.19004,1.91559,1.1102230246251566e-17,0.126414,4.7089692726651164e-08,0.89802627917379141,0.0,10,1.0,0.0,-0.107445,1150,-0.0010655665235167228,3.097932929351029e-10,8.338200346371848e-08,0.00296712,0.0044901313958689614,0.99084679693650113,2.92779,-2.0866330937037314,0.010954222350953932,4.1478240078782434e-06
0.99793650710829496,0.0039121365547180207,0.0047719342820346398,-0.0068036249939184583,0.253198,-1.96502,1.59481,3.3306690738754695e-17,0.11082,7.1199983637557709e-08,0.90093074068427081,0.0,10,1.0,0.0,-0.0802254,1160,-0.00034074865199048318,3.097932929351029e-10,9.4685398123780675e-08,0.00197864,0.0045046537034213584,0.99254660752914126,2.90061,-2.2122613504002375,0.0099417410259100593,7.2557479558176894e-06
2.6499406440662905,0.0043165875971317332,0.0048920564819127368,-0.0073897566848454294,0.197194,-1.20114,1.7571,-4.4408920985006264e-17,0.10909,2.6750445197478218e-08,0.89119876418262722,0.0,10,1.0,0.0,-0.0282539,1170,-0.0005319600037474874,2.0652886195673526e-10,4.1956795537546749e-08,0.00107026,0.0044559938209131397,0.98788298530183172,2.88349,-0.84716773866243178,0.0051699408436439286,2.2635474173421776e-06
1.3472227164437331,0.0041001719981431997,0.0049666195712052327,-0.0073782978953954043,0.27463,-0.978479,2.11449,-2.2204460492503132e-17,0.102673,8.792824645853587e-08,0.91315689454786475,-2.2204460492503131e-16,10,1.0,-2.2204460492503131e-16,-0.0420476,1180,-0.00075395620961620435,1.3768590797115684e-10,9.1924048093966538e-08,0.00113106,0.0045657844727393284,0.99328921700214801,2.85889,-1.564942055314654,0.010517430807308902,5.2967131195517703e-06
1.285024281836554,0.0035939185321331056,0.0048493364546448037,-0.006343842915270838,0.249607,-1.15306,1.89885,0.0,0.0203189,1.0641658651462238e-07,0.88577130492776635,0.0,10,1.0,0.0,-0.0814447,1190,-0.00029908276558539743,1.3768590797115684e-10,1.1063726516322136e-07,0.00185585,0.004428856524638836,0.99389716076466639,2.7964,-2.5516451978635488,0.011888639081410539,4.9574842788391542e-06
1.6367690705552873,0.0040449963510036501,0.0048795309569686692,-0.0059555310679866779,0.333387,-1.98234,2.19697,0.0,0.0313139,6.1848250608353931e-08,0.8941682076081634,0.0,10,1.0,0.0,-0.0481887,1200,-9.1547037008912763e-05,9.1790605314104564e-11,6.7879719808150928e-08,0.0014739,0.0044708410380408202,0.99200620601080591,2.72933,-1.7054724873842289,0.0093322074090131674,5.725080897500301e-06
2.1925412388176309,0.0041008143126964602,0.0047964676842093511,-0.0088641511542669575,0.315364,-1.09771,1.97223,1.6653345369377347e-17,0.106698,3.2521720109671187e-08,0.8797754183411598,0.0,10,1.0,0.0,-0.0349226,1210,9.2520743792989495e-05,6.119373687606971e-11,3.3174009131989335e-08,0.000959873,0.0043988770917058025,0.9890012700564903,2.69319,-1.6436881230501899,0.012972508908652395,1.4248164264351714e-05
1.4438150347946781,0.0041936109215021172,0.0049247343884781048,-0.0048272642301989818,0.263402,-1.62319,1.41251,-1.9428902930940238e-17,0.0685854,5.0715634558004896e-08,0.91962830433622,2.2204460492503131e-16,10,1.0,2.2204460492503131e-16,-0.0718893,1220,-0.00045536814057431228,6.119373687606971e-11,8.2435558264511961e-08,0.0018146,0.0045981415216811046,0.9911778624512193,2.63809,-1.7883653378626092,0.0038089968209206468,1.4543830385410091e-06
1.3126657974034133,0.0039378218352794682,0.004945000526495282,-0.0061654243939899536,0.217413,-1.3968,1.54673,0.0,0.0240259,8.5476458101916034e-08,0.9119824399240315,-2.2204460492503131e-16,10,1.0,-2.2204460492503131e-16,-0.0689636,1230,-0.00063914710792599947,6.119373687606971e-11,9.9198551949310799e-08,0.00214505,0.0045599121996201617,0.9931941404708422,2.58332,-2.1205440081518456,0.010974682907402264,5.2549425878540208e-06
1.6003082978840211,0.00401661075651646,0.0049213047046214389,-0.01034362876426757,0.35177,-1.83963,1.47616,-6.661338147750939e-17,0.0710744,7.5186556267224245e-08,0.89617943745106454,0.0,10,1.0,0.0,-0.0725415,1240,-0.00078583579360312758,6.119373687606971e-11,1.0610495788511062e-07,0.00217891,0.0044808971872553269,0.99274580602887463,2.53183,-1.6870770784066891,0.012050809763102169,6.6849413392280902e-06
1.2914140510803755,0.0040101958066225086,0.0048026403784751934,-0.0060841907965912259,0.310737,-1.24922,1.62296,-5.551115123125783e-18,0.123193,4.7495139884881911e-08,0.90398123934864993,0.0,10,1.0,0.0,-0.135699,1250,-0.00018833049933999243,6.119373687606971e-11,8.9360205006376216e-08,0.00331426,0.0045199061967432543,0.99088568125926835,2.51818,-2.3281484953512788,0.011188950888787267,9.8941179841128433e-06
1.18503509844915,0.0036484745144844087,0.0049526995932683395,-0.006322749835741737,0.345061,-1.8409,2.09444,2.2204460492503132e-17,0.0450436,1.3694228266044218e-07,0.9025967731140554,2.2204460492503131e-16,10,1.0,2.2204460492503131e-16,-0.109412,1260,-0.00045817984628174891,6.119373687606971e-11,1.8817431400599758e-07,0.00284934,0.0045129838655702812,0.99461725752583041,2.44854,-2.3298550846417241,0.007809572104001042,2.7132080278877902e-06
1.2363461546447889,0.0042504044622182881,0.0048031485825777093,-0.0063072754654849685,0.199578,-1.5193,1.57311,4.4408920985006264e-17,0.0871856,2.1698067142126581e-08,0.9239590372890234,0.0,10,1.0,0.0,-0.071609,1270,-0.00089771767994181718,6.119373687606971e-11,1.1451209754932532e-07,0.00223112,0.004619795186445121,0.98655953083920256,2.41214,-2.4907899776726761,0.0022906026034323315,6.7190462254107852e-07
1.2399771797130479,0.0042081683129072227,0.0048943744599819223,-0.0068618929237243493,0.227787,-1.27443,1.25169,4.4408920985006264e-17,0.0768884,4.7052037757851686e-08,0.92483301199972634,0.0,10,1.0,0.0,-0.0487663,1280,-0.00094366526462952001,4.0795824584046475e-11,5.5497339705988134e-08,0.00147271,0.0046241650599986358,0.99084316027706387,2.39362,-1.9089878933157671,0.010011278768978856,5.0947934148029465e-06
1.4513574902182773,0.0042285522073507347,0.00493324249517173,-0.0077435024537331771,0.231874,-1.61574,2.33012,-1.1102230246251566e-17,0.129937,4.5362657824734375e-08,0.92453472008928661,0.0,10,1.0,0.0,-0.0804191,1290,-0.00074340966365633073,4.0795824584046475e-11,1.0060808155313848e-07,0.00189519,0.0046226736004464372,0.99067539437011898,2.35898,-1.8418168903575141,0.0072674793471841879,3.0662675503872698e-06
1.5583704909390304,0.0044100612029433287,0.0048713083937764207,-0.0083530139479661546,0.217393,-1.50481,1.51307,6.1062266354383615e-17,0.121494,2.3440969829695961e-08,0.92623131610453124,0.0,10,1.0,0.0,-0.0349687,1300,-0.0006827106796040421,2.7197216389364318e-11,4.277695635982569e-08,0.000928879,0.0046311565805226603,0.98706389716982756,2.32265,-1.4347112663212787,0.011598910439628213,5.7684343067451275e-06
2.0363215424109007,0.0046141489967703861,0.0048655399121344135,-0.0061443933856890369,0.285349,-1.14089,2.49676,3.3306690738754695e-17,0.108653,5.1979175129556028e-09,0.94333835244178776,0.0,10,1.0,0.0,-0.0521581,1310,-0.00098237699904855902,2.7197216389364318e-11,6.9285646177805456e-09,0.00178313,0.0047166917622089421,0.97282609740586312,2.27833,-1.4028393526253009,0.001779261592758929,4.5028168913296063e-07
1.2760379512441609,0.0041398781538009681,0.0047871650382876442,-0.0067520596686614712,0.265891,-1.91495,1.61182,4.4408920985006264e-17,-0.0214433,4.6055552537231555e-08,0.90240882858633997,0.0,10,1.0,0.0,-0.0302024,1320,-8.0460509172762664e-07,1.8131477592909546e-11,4.6273096248047952e-08,0.000854015,0.0045120441429317036,0.99074531395065046,2.2508,-1.7261427042054966,0.012002630533910409,1.0818045582029132e-05
1.1311106641868802,0.0042376789450645483,0.0047386689856648489,-0.0054120032349901969,0.2691,-1.5967,1.58171,5.342948306008566e-17,0.00412018,2.3125079782252601e-08,0.91310612782835965,-2.2204460492503131e-16,10,1.0,-2.2204460492503131e-16,-0.045095,1330,-0.00073738684012574407,1.2087651728606365e-11,3.0674833559709827e-08,0.00106025,0.0045655306391418019,0.98697670480424582,2.22123,-2.1418510392967933,0.0017445404758083471,3.9006555019013391e-07
1.6028494570781491,0.0041697277128696477,0.0049857083777897103,-0.0064613629333140944,0.316011,-1.62313,1.92839,0.0,0.0687588,6.1141124864473426e-08,0.91755464947782461,-2.2204460492503131e-16,10,1.0,-2.2204460492503131e-16,-0.0659213,1340,-5.1423674819079656e-05,1.2087651728606365e-11,6.9261374954782586e-08,0.001647,0.0045877732473891264,0.99196039121440838,2.16917,-1.6838524846096616,0.013387529015356166,9.1317715891855406e-06
1.5619197665254763,0.0040261496603488959,0.0049090812914073514,-0.0058443258191725606,0.193332,-1.19698,1.5114,-2.2204460492503132e-17,-0.0290401,5.6079722473547951e-08,0.90752773806452747,-2.2204460492503131e-16,10,1.0,-2.2204460492503131e-16,-0.0540522,1350,-0.00080108618188158901,1.2087651728606365e-11,8.8155830357208489e-08,0.00156522,0.0045376386903226412,0.99160766256732624,2.11211,-2.1508163682461947,0.0029309139587747226,8.0966936581078195e-07
0.84563968906623088,0.0037015971541404756,0.0047980964370071934,-0.0068725156715754489,0.235935,-1.32571,1.57716,1.1102230246251566e-17,0.0968079,8.8024585137124522e-08,0.90927169732749458,0.0,10,1.0,0.0,-0.141342,1360,-0.0010504462838778117,1.2087651728606365e-11,1.241822261004352e-07,0.00385571,0.0045463584866374772,0.99329287182346493,2.01758,-2.837727523795222,0.0031489953537019674,8.9863230752655978e-07
1.0229685213609327,0.0038593755662441288,0.0048729055933654352,-0.0081114596323495092,0.276684,-1.61799,1.5014,0.0,0.0440664,7.5835745289729677e-08,0.91803491599857812,0.0,10,1.0,0.0,-0.135856,1370,-0.0010796414550613288,1.2087651728606365e-11,1.3614524000066643e-07,0.00317717,0.0045901745799928947,0.99277675361606055,1.93509,-2.6441541647274049,0.0018386722848434368,6.1792794971172123e-07
1.6269868591112879,0.0043610597401857413,0.0048640341591090009,-0.0060085129382083727,0.267004,-1.3831,1.45415,-8.7430063189231075e-17,-0.0164434,2.6177879316934747e-08,0.91983350794762375,0.0,10,1.0,0.0,-0.0839946,1380,-0.00053993228520758804,1.2087651728606365e-11,2.6245422995188443e-08,0.00213838,0.0045991675397381226,0.98775240273379605,1.84792,-1.4626163985623901,0.0095274971031209937,3.7593991992552222e-06
1.7726293538818025,0.0043141140788793605,0.0048945825174450917,-0.0060896972415369188,0.198121,-1.48839,0.872749,-2.2204460492503132e-17,0.0158704,2.21850867301672e-08,0.92575655803084378,1.1102230246251565e-16,10,1.0,1.1102230246251565e-16,-0.0615374,1390,-0.00078499289242933516,1.2087651728606365e-11,2.4240369087188191e-08,0.00150371,0.004628782790154223,0.98670639354885703,1.80453,-2.0985386254500504,0.0014067598586250945,7.5697857408404092e-07
1.0210846407608776,0.0037959743291139636,0.0048055214434862183,-0.0069741920178863952,0.348005,-2.0141,1.17694,-2.7755575615628915e-18,0.0418486,8.2361213056792471e-08,0.90229258388280864,0.0,10,1.0,0.0,-0.148147,1400,-7.6422268008209858e-05,1.2087651728606365e-11,8.2361332714364326e-08,0.00381279,0.0045114629194140474,0.99306728588074089,1.71648,-2.4844524147028726,0.014753765956915863,1.0971653359533853e-05
1.0408053859592248,0.0042478462308645284,0.0048725444730371281,-0.0060346082241389994,0.244981,-1.88403,1.50669,1.3877787807814457e-17,0.124114,3.8492733509372729e-08,0.93346043545752766,-2.2204460492503131e-16,10,1.0,-2.2204460492503131e-16,-0.0895095,1410,-0.00053233803647971002,1.2087651728606365e-11,6.3965445822380573e-08,0.00249219,0.0046673021772876428,0.98988350461507113,1.60844,-2.1271054614526013,0.011295441853645595,5.229627606051433e-06
1.9674807344956851,0.0044931823015213054,0.0048168822564184704,-0.0062342466577915371,0.22987,-1.14358,1.66426,2.2204460492503132e-17,0.129697,9.0016999038235072e-09,0.92564910762012009,0.0,10,1.0,-2.2204460492503131e-16,-0.0941538,1420,-0.00086403828449032856,1.2087651728606365e-11,6.165808234600003e-08,0.00321913,0.0046282455381006045,0.97924878739243015,1.53554,-1.4087093874301932,0.0022020035482906374,8.9959243676621533e-07
0.88289019592526108,0.0044548695161938708,0.0048602982051670594,-0.0054080981778211095,0.184778,-0.962862,1.21198,-2.2204460492503132e-17,0.0953256,1.9441331031571695e-08,0.9472624031826854,0.0,10,1.0,0.0,-0.137647,1430,-0.00031665886242793483,1.2087651728606365e-11,2.3415034279753965e-08,0.00566053,0.0047363120159134315,0.98580895621173759,1.47712,-2.0041169521776081,0.0083610733866553797,5.1221305018770273e-06
1.1272286242665024,0.0043769403547048611,0.0048842211440205613,-0.0064507104535013625,0.219531,-1.75555,1.94481,-5.2735593669694933e-17,0.0673527,1.9475359278626557e-08,0.94515689779072998,2.2204460492503131e-16,10,1.0,2.2204460492503131e-16,-0.0426452,1440,-0.0010501833025897548,1.2087651728606365e-11,2.9490985632414255e-08,0.00160265,0.0047257844889536538,0.98582122704696062,1.44787,-2.4819199406011672,0.0023678338539424152,4.9446375559926185e-07
1.2849043458023681,0.0043066374212503474,0.0048894861433655063,-0.0078209062836902005,0.216094,-1.51977,1.47924,5.551115123125783e-18,0.00819628,2.8461730484171408e-08,0.93428602106869219,-2.2204460492503131e-16,10,1.0,-2.2204460492503131e-16,-0.0965019,1450,-0.0011495240702814429,1.2087651728606365e-11,4.7902402268517872e-08,0.0026722,0.0046714301053434656,0.9882496382025433,1.37827,-2.149556184547289,0.0027659032366751891,8.8625989558260375e-07
1.8822850825284518,0.0043387772142887155,0.0049155004229396622,-0.0054952666599034838,0.169932,-1.25252,1.1387,6.661338147750939e-17,0.0498569,2.9330250046803397e-08,0.91825131047517061,0.0,10,1.0,0.0,-0.0484093,1460,-0.0006783038970254074,1.2087651728606365e-11,3.5246214922964533e-08,0.00158572,0.004591256552375857,0.98842339499966292,1.33553,-1.4656810347770832,0.011274725970241709,4.7627877517919645e-06
0.92787629636010194,0.0041043509542942084,0.0049117687065154359,-0.0064157928606310526,0.286743,-1.2191,2.04128,2.2204460492503132e-17,0.0867612,5.2167718519719654e-08,0.93978230617940428,-2.2204460492503131e-16,10,1.0,-2.2204460492503131e-16,-0.105933,1470,-0.00070077096916214211,1.2087651728606365e-11,1.9702315676962908e-07,0.00312996,0.0046989115308970261,0.99130070275691684,1.3298,-2.5917785678456231,0.01292951631671577,6.2343239947778517e-06
1.1024711767678816,0.0042704802751541175,0.0048586307745426939,-0.0068465406569767767,0.232184,-2.17318,0.961964,-1.1102230246251565e-16,0.00224188,4.3180131422114282e-08,0.9256873345002532,-2.2204460492503131e-16,10,1.0,-2.2204460492503131e-16,-0.0965495,1480,-0.00057471834775271811,1.2087651728606365e-11,4.3524324598406646e-08,0.00273204,0.0046284366725012696,0.99044431522553111,1.31361,-1.7143645606692886,0.010354878173625503,4.2421927649775415e-06
1.0898541368414068,0.0040851825475692787,0.0047529686987400101,-0.0070975798441753613,0.263809,-1.66305,1.30749,3.3306690738754695e-17,-0.04013,4.3459808666072953e-08,0.90493535511195655,0.0,10,1.0,1.1102230246251565e-16,-0.122174,1490,-0.00035761956287490363,1.2087651728606365e-11,2.1792286474020904e-07,0.0033195,0.0045246767755597874,0.99047489138177514,1.26698,-2.098123296789812,0.010380548855101377,7.2345551493949579e-06
1.504586322593787,0.0046447508037090347,0.0049630765686743007,-0.007479689614015253,0.14613,-0.654873,1.33705,-6.661338147750939e-17,0.156844,1.1040302772662512e-08,0.96069616335444152,0.0,10,1.0,0.0,-0.0184809,1500,-0.0011236859359767001,1.2087651728606365e-11,2.89382814047517e-08,0.00154042,0.0048034808167722112,0.98123391038472929,1.23795,-1.49642458394824,0.0017276803457248538,3.728784263644644e-07
1.5473974190976274,0.0045811980217695279,0.0049037543777376456,-0.0073050010428515897,0.207253,-1.4778,1.35198,6.661338147750939e-17,0.0573245,9.1512044326597601e-09,0.95083599202334879,0.0,10,1.0,0.0,-0.0723187,1510,-0.0011388185272977534,1.2087651728606365e-11,3.780309071091012e-08,0.00210595,0.0047541799601167481,0.97941635646732428,1.22018,-1.7895560564870057,0.0016980068936617227,3.6468432470044195e-07
1.2138176536878946,0.0045869585871696509,0.0049377479869872377,-0.0051545783076292094,0.20875,-1.64199,1.07278,2.2204460492503132e-17,0.0385276,1.341980665681025e-08,0.95918416231870651,0.0,10,1.0,0.0,-0.066754,1520,-0.00085426545522866032,1.2087651728606365e-11,1.3583000338380001e-08,0.00228596,0.0047959208115935367,0.98295639090461395,1.21223,-1.7883881298172528,0.0016861459228216713,4.6363930180743764e-07
2.2103469575181944,0.0046674338355660481,0.0048453491088002966,-0.0066244744644824638,0.223387,-1.56039,1.59247,-3.3306690738754695e-17,0.0468482,2.7312727261739685e-09,0.94552450757473705,0.0,10,1.0,0.0,-0.0255465,1530,-0.00091156162601533502,8.058434485737576e-12,3.1190963384393078e-09,0.000817299,0.0047276225378736899,0.96280199073041539,1.21753,-1.1300585243887045,0.0019811110824246407,5.7182645226198581e-07
